"","ID","Article","Interaction","Involved","loc","Source","Species","title","URL","Interaction2"
"1","1","Article1","","","","","","","","other"
"2","1","Article2","","","","","","","","other"
"3","1","Article3","","","","","","","","other"
"4","2","Article1","Intervention","PhD student at Washington State University;","Washington State road","ScienceDaily","deers, bears, etc","Wildlife crossings potentially save millions annually in Washington state","https://www.sciencedaily.com/releases/2022/08/220830093223.htm","Intervention"
"5","2","Article2","Invasive Species/ Pest","The Henderson County Extension Office held a spongy moth program composed of 4-H members and Master Gardeners;","Kentucky State Residential Areas","The Gleaner","Gypsy Moth Caterpillars","Spongy moths' may have established foothold in Kentucky","https://www.thegleaner.com/story/life/columnists/2022/08/11/spongy-moths-may-have-established-foothold-in-kentucky/65398650007/","other"
"6","2","Article3","Conservation","APOPO non profit;","Zimbabwe","U.S. Dept. of State","Zebras, Lions, etc","U.S. Demining Support Strengthens Human, Wildlife, and Regional Security in Zimbabwe","https://www.state.gov/dipnote-u-s-department-of-state-official-blog/u-s-demining-support-strengthens-human-wildlife-and-regional-security-in-zimbabwe/","Conservation"
"7","3","Article1","Intervention","Government agencies;Wildlife ecologists;Non-government organization (NGO);","Harare Zimbabwe","NPR","elephants, impalas, giraffes, buffaloes, wildebeest, zebras, elands, lions and wild dogs","Climate change is forcing Zimbabwe to move thousands of animals in the wild.","https://www.npr.org/2022/09/01/1120459821/climate-change-zimbabwe-animals","Intervention"
"8","3","Article2","Conservation","Wildlife ecologists;Government agencies;Non-government organization (NGO);","Idaho, Montana","Associated Press","Gray wolf","""US sued in bid to force decision on Rockies wolf protections""","https://apnews.com/article/mountains-united-states-animals-montana-wildlife-3031ab940331453f6d66e5eb1bdf99e6","Conservation"
"9","3","Article3","Intervention","Government agencies;Wildlife ecologists;","Southeastern US","CBS News","Bats and Raccoons","USDA dropping rabies vaccines from sky in 13 states for wildlife","https://www.cbsnews.com/pittsburgh/news/usda-dropping-rabies-vaccine-baits-from-helicopters/?intcid=CNM-00-10abd1h","Intervention"
"10","4","Article1","Harvest","Government agencies;Random individuals;","Mississippi","CT Insider","American Alligator","Female Alligator Exceeding 10 Feet a New Mississippi Record. ","https://www.ctinsider.com/news/article/Female-alligator-exceeding-10-feet-a-new-17405902.php#:~:text=JACKSON%2C%20Miss.,state%20wildlife%20officials%20said%20Monday. ","other"
"11","4","Article2","Conservation","Government agencies;","Zimbabwe","Associated Press","Impalas, Elephants, Giraffes, Buffalo, Wildebeasts, Zebras, Elands, Lions and wild dogs","Zimbabwe Moves 2,500 Wild Animals Due to Climate Change. ","https://apnews.com/article/africa-zimbabwe-animals-wildlife-elephants-4eeeeffe05f444e6b4e4779e954fff5b. ","Conservation"
"12","4","Article3","Conflict","Government agencies;Citizenry;Wildlife ecologists;","Oakland, CA","Guardian News and Media","Striped Bass, Sturgeon, Anchovies, bat rays, clams","Thousands of Dead Fish Wash up in Oakland Lake to Create a Putrid Mess. ","https://www.theguardian.com/us-news/2022/sep/01/dead-fish-oakland-lake-merritt-algae-bloom","Conflict"
"13","5","Article1","Conflict","Government agencies;Citizenry;","India","indiatimes.com","Tigers and Leopards","Relocate excess tigers to curb man-animal conflict: Min","timesofindia.indiatimes.com/city/nagpur/relocate-excess-tigers-to-curb-man-animal-conflict-min/articleshow/85546457.cms.","Conflict"
"14","5","Article2","Conservation","Government agencies;Non-government organization (NGO);Environmental Conservation groups;","Western Sydney, Australia","The Guardian","Koalas","Plan for sea of roofs will destroy last koala habitat in western Sydney, critics say","www.theguardian.com/australia-news/2022/sep/01/plan-for-sea-of-roofs-will-destroy-last-koala-habitat-in-western-sydney-critics-say.","Conservation"
"15","5","Article3","Conservation","Government agencies;Non-government organization (NGO);","Western United States","Associated Press","Horses","Biggest US holding pen planned for wild horses faces suit","apnews.com/article/lawsuits-nevada-animals-reno-2bfd100d210a9a8dece6f1fe5475d527","Conservation"
"16","6","Article1","Conflict","Government agencies;Citizenry;Wildlife ecologists;","Europe (Portugal, Netherlands, Belgium)","Scientific American","Birds, mammals, otters, waterfowls","Roadkill Literally Drives Some Species to Extinction.","https://www.scientificamerican.com/article/roadkill-literally-drives-some-species-to-extinction/","Conflict"
"17","6","Article2","Conflict","Government agencies;Authorities;","small villages in India","News18","Indian Elephants","Herd of 40 Elephants Wreaks Havoc in Chhattisgarh Village","https://www.news18.com/news/india/herd-of-40-elephants-wreaks-havoc-in-chhattisgarh-village-4251848.html","Conflict"
"18","6","Article3","Intervention","Wildlife ecologists;","Columbia","Live Science","Common Hippo ""Cocaine Hippo""","Pablo Escobar's 'Cocaine Hippos' Are Being Sterilized Because the Population Is out of Control.","https://www.livescience.com/sterilizing-escobars-cocaine-hippos","Intervention"
"19","7","Article1","Destruction ","Wildlife ecologists;Government agencies;","Ukraine","NPR","Dolphins and curlew sandpipers","Shredded trees, dead dolphins and wildfires-how Russias invasion is hurting nature","https://www.npr.org/2022/07/01/1106327585/russia-invasion-ukraine-environment-impacts","other"
"20","7","Article2","Conflict","Citizenry;Government agencies;","Yamaguchi, Japan","NBC News","Japanese macaques (aka snow monkeys)","Monkey suspect killed in Japan after spate of attacks-but others may still be on the loose","https://www.nbcnews.com/news/world/monkey-killed-japan-attacks-yamaguchi-macaques-rcna40176","Conflict"
"21","7","Article3","Invasive removal","Citizenry;Government agencies;Wildlife ecologists;","Washington, USA","AP News","European green crab","Agencies, tribes work to stop growth of invasive crab","https://apnews.com/article/washington-wildlife-invasive-species-crabs-b2ad3a49c133051b8d4e72003acbe538","other"
"22","8","Article1","Conflict","Wildlife ecologists;Citizenry;Local authorities;","Europe [Denmark, Jutland peninsula]","The Conversation","Gray wolves","Wolves are returning to European farmland <96> but theyre not motivated by a taste for sheep","https://theconversation.com/wolves-are-returning-to-european-farmland-but-theyre-not-motivated-by-a-taste-for-sheep-175445","Conflict"
"23","8","Article2","Co-existence and tolerance towards humans","Wildlife ecologists;Citizenry;","The coastline of South Carolina","SCNOW","American Alligator","Clemson researchers helping humans, alligators coexist in coastal South Carolina","https://scnow.com/news/local/clemson-researchers-helping-humans-alligators-coexist-in-coastal-south-carolina/article_6b938646-1d87-11ed-8904-1b6426b22572.html","other"
"24","8","Article3","Conflict","Wildlife ecologists;Citizenry;","Nepal","WLRN","Tiger","The tiger count in Nepal has tripled in recent years","https://scnow.com/news/local/clemson-researchers-helping-humans-alligators-coexist-in-coastal-south-carolina/article_6b938646-1d87-11ed-8904-1b6426b22572.html","Conflict"
"25","9","Article1","Conservation","Government agencies;Wildlife ecologists;","Harare, Zimbabwe/Zambezi River valle","American Press","“about 400 elephants, 2,000 impalas, 70 giraffes, 50 buffaloes, 50 wildebeest, 50 zebras, 50 elands, 10 lions and a pack of 10 wild dogs”"," Zimbabwe moves 2,500 wild animals due to climate change","https://apnews.com/article/africa-zimbabwe-animals-wildlife-elephants-4eeeeffe05f444e6b4e4779e954fff5b","Conservation"
"26","9","Article2","Conflict","Government agencies;Citizenry;","Oslo, Norway","The New York Times","Walrus","A Famous Walrus Is Killed, and Norwegians Are Divided","https://www.nytimes.com/2022/08/19/world/europe/norway-walrus-freya-killed.html","Conflict"
"27","9","Article3","Conservation","Citizenry;Government agencies;","Osa, Puntarenas","The Costa Rica News","Black Plate Snake","They Rescue a Black Plate Snake in the Forests of Osa: Sighting is Unusual","https://thecostaricanews.com/they-rescue-a-black-plate-snake-in-the-forests-of-osa-sighting-is-unusual/","Conservation"
"28","10","Article1","Conflict","Wildlife ecologists;Government agencies;Random individuals;","Dominican Republic","Listín Diario","Loxosceles caribbea, L. taino, L. cubana","Dangerous spider: Authorities work to detect and prepare procedure for cases","https://dominicantoday.com/dr/local/2022/08/29/fiddler-spider-authorities-work-to-detect-and-prepare-procedure-for-cases/","Conflict"
"29","10","Article2","Conflict","Wildlife ecologists;Government agencies;Citizenry;Random individuals;","Long Island, New York","The Guardian News","Great white shark, sand tiger shark, among others","Summer of shark: spate of encounters leaves New York beachgoers wary","https://www.theguardian.com/environment/2022/jul/25/shark-encounters-long-island-new-york.","Conflict"
"30","10","Article3","Conflict","Wildlife ecologists;Government agencies;","Oakland, California","Associated Press News ","Cougar","Young mountain lion shot by police dies in surgery","https://apnews.com/article/health-police-california-wildlife-oakland-bdea8de82e2808902afa0540b81fd9ed","Conflict"
"31","11","Article1","Sustainability","Wildlife ecologists;Government agencies;","Maryland","The Guardian","Crustaceans","Crab and lobster shells could be used to make renewable batteries","https://www.theguardian.com/science/2022/sep/01/crab-lobster-shells-could-used-make-renewable-batteries","other"
"32","11","Article2","Conservation","Wildlife ecologists;Non-government organization (NGO);","China","NPR","Giant Panda","Panda twins are born in China as the species struggles for survival","https://www.npr.org/2022/08/24/1119211030/panda-twins-born-china","Conservation"
"33","11","Article3","Conservation","Wildlife ecologists;Government agencies;","The United States of America","Vox","All native species","Meanwhile, Congress is set to pass a huge wildlife conservation bill with bipartisan support","https://www.vox.com/down-to-earth/23288563/recovering-americas-wildlife-act-explained","Conservation"
"34","12","Article1","Conservation","Government agencies;Non-government organization (NGO);Citizenry;","Liberia, West Africa","CNN","Pangolin","This Wildlife Sanctuary Is Caring for Pangolins, the World's Most Trafficked Mammal ","https://www.cnn.com/2022/07/28/africa/pangolin-libassa-wildlife-sanctuary-liberia-c2e-scn-spc-intl/index.html","Conservation"
"35","12","Article2","nuisance","Citizenry;wildlife educators ;","Ithaca, NY","Ithaca Journal","red foxesI","Hearing nocturnal screams in Tompkins County? It may be this animal","https://www.ithacajournal.com/story/news/local/2022/08/31/tompkins-county-animal-screams-in-the-night-attributed-to-red-foxes/65417650007/","other"
"36","12","Article3","Possible future conflict: displacement","Citizenry;wildlife biologist;","Absaroka Range","Jackson Hole News & Guide","Grizzly Bears and army cutworm moths","Mysterious Moth-Eating Grizzlies Have a People Problem","https://www.jhnewsandguide.com/news/environmental/mysterious-moth-eating-grizzlies-have-a-people-problem/article_8837a818-87fd-5dd5-b9e9-3b405b09e738.html","other"
"37","13","Article1","Conflict","Government agencies;Citizenry;","Katmai National Park","National Park Service","Bear","Managing Human-Bear Interactions","https://www.nps.gov/subjects/bears/humanbearinteractions.htm. ","Conflict"
"38","13","Article2","Conflict","Non-government organization (NGO);","The United Kingdom","BBC Science Focus Magazine","Various bird species","How Many Birds are Killed by Wind Turbines in the UK? ","https://www.sciencefocus.com/science/how-many-birds-are-killed-by-wind-turbines-in-the-uk/. ","Conflict"
"39","13","Article3","Conflict","Government agencies;Wildlife ecologists;","Upstate New York","Hudson Valley Post","Deer and moose","Car Accidents with Deer, Moose Expected to Skyrocket in New York ","https://hudsonvalleypost.com/car-accidents-with-deer-moose-expected-to-skyrocket-in-new-york/. ","Conflict"
"40","14","Article1","Intervention","Government agencies;","Illinois, U.S.","Wisconsin Public Radio (NPR)","Asian Carp","Efforts To Keep Asian Carp Out Of The Great Lakes Move Forward Under New Agreements","https://www.wpr.org/efforts-keep-asian-carp-out-great-lakes-move-forward-under-new-agreements#:~:text=Asian%20carp%20threaten%20the%20%247,just%20miles%20from%20Lake%20Michigan.","Intervention"
"41","14","Article2","Intervention","Government agencies;","Eastern U.S. from Alabama to Maine","U.S. News","Racoons and Skunks (and other rabies carriers)","USDA Scattering Rabies Vaccines for Wildlife in 13 States","https://www.usnews.com/news/news/articles/2022-08-26/usda-scattering-rabies-vaccines-for-wildlife-in-13-states ","Intervention"
"42","14","Article3","mutualism","Random individuals;","Pensylvania","The Guardian","Alligator","How an alligator became an emotional support animal: They said it was a midlife crisis","https://www.theguardian.com/world/2022/sep/02/how-an-alligator-became-an-emotional-support-animal-they-said-it-was-a-midlife-crisis ","other"
"43","15","Article1","Intervention","Government agencies;Citizenry;","Norway","NBC","Walrus","Freya the walrus delighted Norway. Her death has divided the country","https://www.nbcnews.com/news/world/freya-walrus-euthanized-norway-outrage-rcna43073","Intervention"
"44","15","Article2","Harvest","Celebrities;","United States","FOX News","Insects","What's with all the people eating bugs?","https://www.foxnews.com/opinion/greg-gutfeld-whats-with-people-eating-bugs","other"
"45","15","Article3","Conflict","Government agencies;Citizenry;","United States","npr","Spotted Lanternfly","What a pest! Spotted lanternflies are spreading in the U.S.","https://www.npr.org/2022/08/18/1118049864/what-a-pest-spotted-lanternflies-are-spreading-in-the-u-s","Conflict"
"46","16","Article1","Intervention","Wildlife ecologists;","Lake Superior Chippewa","Syracuse.com ","Black Bear, Moose, Deer, Wolves ","Into the wild: Animals the latest frontier in Covid fight","The Associated Press. ""Into the wild: Animals the latest frontier in Covid fight. Syracuse.com, 30 March 2022, https://www.syracuse.com/coronavirus/2022/03/into-the-wild-animals-the-latest-frontier-in-covid-fight.html. Accessed 5 September 2022.","Intervention"
"47","16","Article2","Conflict","Wildlife ecologists;Government agencies;","Great Lakes region ","Vox.com ","Sea Lamprey, Lake Trout ","The blood-hungry parasite that threatens a $7 billion economy in the Great Lakes ","Jones, Benji. ""The blood-hungry parasite that threatens a $7 billion economy in the Great Lakes."" Vox.com, 24 May 2022, https://www.vox.com/down-to-earth/2022/5/24/23076704/sea-lampreys-invasive-species-great-lakes-fishing. Accessed 5 September 2022. ","Conflict"
"48","16","Article3","Conflict","Wildlife ecologists;Citizenry;Non-government organization (NGO);","Northern Ukraine","NPR","Beavers, really any species in the area ","Russia's War in Ukraine is Hurting Nature","Short Wave. ""Russia's War in Ukraine is Hurting Nature."" NPR, 21 July 2022, https://www.npr.org/2022/07/12/1111063925/russias-war-in-ukraine-is-hurting-nature. Accessed 5 September 2022. ","Conflict"
"49","17","Article1","Conflict","Random individuals;Wildlife ecologists;","France","NPR","Orcas","""Killer whales are 'attacking' sailboats near Europe's coast. Scientists don't know why""","https://www.npr.org/2022/08/20/1117993583/orcas-attacks-spain-portugal-killer-whales ","Conflict"
"50","17","Article2","Conflict","Wildlife ecologists;Citizenry;","The Great Lakes","Vox","Sea Lamprey","The blood-hungry parasite that threatens a $7 billion economy in the Great Lakes",", https:/www.vox.com/down-to-earth/2022/5/24/23076704/sea-lampreys-invasive-species-great-lakes-fishing","Conflict"
"51","17","Article3","Conflict","Wildlife ecologists;Citizenry;","Southern California","The Guardian ","Sea Lions","Whats ailing the sea lions stranded on California beaches?","https://www.theguardian.com/us-news/2022/sep/04/sick-sea-lions-california ","Conflict"
"52","18","Article1","Intervention","Government agencies;Citizenry;","Suffolk County, Long Island, NY","longisland.com","American Alligator ","American Alligator Turned Over to Suffolk County SPCA","https://www.longisland.com/news/08-04-22/american-alligator-turned-over-to-suffolk-county-spca.html","Intervention"
"53","18","Article2","Conservation","Wildlife ecologists;Non-government organization (NGO);","Santa Marta Mountains, Colombia ","news.mongabay.com","Santa Marta Sabrewing ","An emerald-green hummingbird lost to science reemerges in Colombia","https://news.mongabay.com/2022/08/an-emerald-green-hummingbird-lost-to-science-reemerges-in-colombia/","Conservation"
"54","18","Article3","Conflict","Random individuals;Government agencies;","Yellowstone National Park ","eastidahonews.com","Grizzly Bear ","Woman sentenced for getting too close to bears at Yellowstone","https://www.eastidahonews.com/2021/10/woman-sentenced-for-getting-too-close-to-bears-at-yellowstone/","Conflict"
"55","19","Article1","Harvest","Random individuals;","Tokyo","New York Times ","Monkey","A Marauding Monkey Was Killed in Japan. Others Will Take Its Place. ","https://www.nytimes.com/2022/07/27/world/asia/japan-monkey-attacks.html.","other"
"56","19","Article2","Conflict","Random individuals;","Washington DC","Npr","Turkey ","Theres an Angry Turkey Attacking People on D. Cs Anacostia Riverwalk. ","https://www.npr.org/local/305/2022/04/29/1095537745/there-s-an-angry-turkey-attacking-people-on-d-c-s-anacostia-riverwalk","Conflict"
"57","19","Article3","Conflict","Scientists;","Labs in New York City","Vox","Octopi",". Why Are These Octopuses Hurling Shells at Each Other? ",". https://www.vox.com/down-to-earth/22651130/octopus-launch-objects-behavior-intelligence.","Conflict"
"58","20","Article1","Conflict","Citizenry;","Yamaguchi city","CNN","snow monkeys","Japanese city thought they had a rogue wild monkey. As attacks rise, now they fear there's more than one","https://www.cnn.com/2022/07/26/asia/japan-monkey-attack-yamaguchi-intl-hnk/index.html","Conflict"
"59","20","Article2","Conflict","Random individuals;","Yellowstone National Park","The Washington Post","bison","Whats with all the bison attacks lately?","https://www.washingtonpost.com/travel/2022/07/05/bison-attack-goring-yellowstone/","Conflict"
"60","20","Article3","Conflict","Random individuals;","USA","The Washington Post","general sharks","Uptick in East Coast shark sightings has lifeguards on alert and experts searching for answers","https://www.usatoday.com/story/news/nation/2022/09/02/east-coast-shark-sightings-increasing/7844163001/","Conflict"
"61","21","Article1","Conflict","Government agencies;Citizenry;","Central New York","Syracuse.com","black bear","Bothered by black bears in your backyard? Youre not alone -- what to do. ","https://www.syracuse.com/outdoors/2020/06/bothered-by-black-bears-in-your-backyard-youre-not-alone-what-to-do.html ","Conflict"
"62","21","Article2","Conflict","Government agencies;Citizenry;","Indonesia","Mongabay.com ","Sumatran elephants ","Chased from every side: Sumatran elephants pinned down by forest loss","https://news.mongabay.com/2022/08/chased-from-every-side-sumatran-elephants-pinned-down-by-forest-loss/ ","Conflict"
"63","21","Article3","Conflict","Citizenry;Random individuals;","Indonesian island of Batam","Mongabay.com ","Marauding monkeys ","Marauding monkeys on an Indonesian island point to environmental pressures","https://news.mongabay.com/2022/02/marauding-monkeys-on-an-indonesian-island-point-to-environmental-pressures/ ","Conflict"
"64","22","Article1","Conflict","Government agencies;Random individuals;","Upstate New York","Hudson Valley post","Timber Rattlesnake","Hudson valley man ticketed for killing rattlesnake in New York orange county","https://hudsonvalleypost.com/hudson-valley-man-ticketed-for-killing-rattlesnake-in-new-york-orange-county/","Conflict"
"65","22","Article2","Conflict","Wildlife ecologists;Government agencies;Citizenry;","Syracuse","Syracuse.com","Deer","Deer still wreaking havoc in some Syracuse neighborhoods, despite recent culling efforts","https://www.syracuse.com/outdoors/2022/07/deer-still-wreaking-havoc-in-some-syracuse-neighborhoods-despite-recent-culling-efforts.html","Conflict"
"66","22","Article3","Conflict","Government agencies;Random individuals;","Galapagos Islands","The Washington Post","Galapagos tortoise","Endangered giant tortoises in Galpagos being killed for meat, officials fear","https://www.washingtonpost.com/world/2022/08/31/galapagos-giant-tortoises-eaten-killed/","Conflict"
"67","23","Article1","Conflict","Random individuals;Citizenry;Wildlife ecologists;Government agencies;","Norway","NPR","Walrus","Freya the Walrus Drew Crowds of Fans. and That's Why Norway Decided to Euthanize Her","https://www.npr.org/2022/08/14/1117442197/norway-euthanize-walrus-freya-oslo","Conflict"
"68","23","Article2","Conflict","Wildlife ecologists;Random individuals;","Crimea","Newsweek","Lion","Lion Hops into Safari Car Full of People in Terrifying Video: Heck No'","https://www.newsweek.com/lion-hops-safari-car-full-people-terrifying-video-heck-no-1693902","Conflict"
"69","23","Article3","Conflict","Government agencies;Citizenry;Wildlife ecologists;","Wyoming","Boise State Public Radio","Bear","One Wyoming Community Hands out Bear-Resistant Trash Cans to Reduce Wildlife Conflicts","https://www.boisestatepublicradio.org/news/2022-08-22/one-wyoming-community-hands-out-bear-resistant-trash-cans-to-reduce-wildlife-conflicts","Conflict"
"70","24","Article1","Conflict","Conservationists;Citizenry;","Zimbabwe, Africa","Marima, Tendai. “Drought is driving elephants closer to people. The consequences can be deadly” npr, 15 August 2022, https://www.npr.org/2022/08/15/1117076598/drought-is-driving-elephants-closer-to-people-the-consequences-can-be-deadly. Accessed 5 September 2022.","African Elephant","Drought is driving elephants closer to people. The consequences can be deadly","https://www.npr.org/2022/08/15/1117076598/drought-is-driving-elephants-closer-to-people-the-consequences-can-be-deadly","Conflict"
"71","24","Article2","Conflict","Random individuals;Medical professionals;","Ohio, United States of America","Yang, Maya. “Ohio man who suffered 20,000 bee-stings expected to recover, family says” The Guardian, 2 September 2022, https://www.theguardian.com/us-news/2022/sep/02/ohio-man-20000-bee-stings-recover. Accessed 5 September 2022.","Honey bee","Ohio man who suffered 20,000 bee-stings expected to recover, family says","https://www.theguardian.com/us-news/2022/sep/02/ohio-man-20000-bee-stings-recover","Conflict"
"72","24","Article3","Intervention","Random individuals;butterfly farm employees;","Stratford-upon-Avon, UK","Layton, Josh. “European praying mantis could be breeding in UK due to global warming” METRO, 4 December 2021, https://metro.co.uk/2021/12/04/european-praying-mantis-could-be-breeding-in-uk-due-to-global-warming-15697129/. Accessed 5 September 2022.","European Praying Mantis","European praying mantis could be breeding in UK due to global warming","https://metro.co.uk/2021/12/04/european-praying-mantis-could-be-breeding-in-uk-due-to-global-warming-15697129/","Intervention"
"73","25","Article1","Harvest","Wildlife ecologists;Non-government organization (NGO);","Delaware Bay"," The Verge ","Horseshoe Crab","Horseshoe crabs are in danger because everyone wants their blood","https://www.theverge.com/2021/12/17/22840263/horseshoe-crab-blood-medical-industry-controversy","other"
"74","25","Article2","Conflict","Government agencies;Wildlife ecologists;","South Shore of Long Island ","USA Today","Black Tip Reef sharks, Thresher sharks, Sand Tiger sharks","Uptick in East Coast shark sightings has lifeguards on alert and experts searching for answers","https://www.usatoday.com/story/news/nation/2022/09/02/east-coast-shark-sightings-increasing/7844163001/","Conflict"
"75","25","Article3","Conservation","Government agencies;Non-government organization (NGO);","Timbavati reserve in South Africa","The New York Times","Black and White rhinos","Killing of Ranger Protecting Rhinos Raises Fears for Conservation Efforts","https://www.nytimes.com/2022/08/16/science/poaching-ranger-murder-rhino.html","Conservation"
"76","26","Article1","Conflict","Government agencies;Random individuals;","New Zealand","The Gaurdian","Fur Seal","Seal Breaks into New Zealand Hoe, Traumatises Cat and Hangs Out on the Couch","www.theguardian.com/world/2022/aug/19/seal-breaks-into-new-zealand-home-traumatises-cat-and-hangs-out-on-couch","Conflict"
"77","26","Article2","Intervention","Wildlife ecologists;Government agencies;Citizenry;","Norway","People","Walrus","Freya the Walrus Euthanized by Norway Officials Over Public Safety Fears","https://people.com/pets/norways-freya-the-walrus-put-down-over-fears-to-public-safety/. ","Intervention"
"78","26","Article3","Conflict","Random individuals;Government agencies;","Florida","NBC News","Sailfish","100-pound sailfish stabs woman, 73, on fishing boat after leaping from water off Florida coast","https://www.nbcnews.com/news/us-news/100-pound-sailfish-stabs-woman-73-fishing-boat-leaping-water-florida-c-rcna39788","Conflict"
"79","27","Article1","Conflict","Government agencies;Random individuals;Citizenry;","Bareilly, India","Fox News","Macaque","Wild monkeys steal infant, throw child off roof in tragic attack","https://www.foxnews.com/world/wild-monkeys-steal-infant-throw-child-roof-tragic-attack","Conflict"
"80","27","Article2","Conflict and Intervention","Wildlife ecologists;Government agencies;Random individuals;Non-government organization (NGO);","Long Lake, NY","Times Union","American Black Bear","Is Long Lake Euthanizing Its Bear-Friendly Image One Creature at a Time?","https://www.timesunion.com/news/article/With-bear-euthanizations-mounting-Long-Lake-17397613.php","other"
"81","27","Article3","Conflict and Conservation","Wildlife ecologists;Government agencies;Random individuals;","Yellowstone National Park","Huff Post","American Bison","2nd Tourist in 3 Days Is Gored by Bison at Yellowstone","https://www.huffpost.com/entry/second-bison-goring-three-days-yellowstone_n_62bfb298e4b014f50a321c72","other"
"82","28","Article1","Conflict","Government agencies;Non-government organization (NGO);Citizenry;","Oslo, Norway","BBC World Europe","Walrus","Freya the walrus: Did she have to be killed?","https://www.bbc.com/news/world-europe-62556295","Conflict"
"83","28","Article2","Harvest","Government agencies;Random individuals;","St. Mary's river, Illinois","Local Today Illinois News","Capybara","Bowfisherman kills capybara in Illinois","https://localtoday.news/il/bowfisherman-kills-capybara-in-illinois-7380.html","other"
"84","28","Article3","Conflict","Government agencies;Citizenry;","South Lake Tahoe, California","NPR","Black bear","DNA evidence shows Hank the Tank didn't work alone","https://www.npr.org/2022/02/24/1082975857/dna-evidence-shows-hank-the-tank-didnt-work-alone","Conflict"
"85","29","Article1","Intervention","Wildlife ecologists;Government agencies;","Washington State","Omaha World-Herald","Deer, and other animals found near highways","Wildlife Crossings Over Highways Save Human Lives, Too","https://omaha.com/lifestyles/health-med-fit/wildlife-crossings-over-highways-save-human-lives-too/article_f17feb2e-5250-5af3-bfbc-3e3bc64956c7.html","Intervention"
"86","29","Article2","Conservation","Wildlife ecologists;","Missouri rivers","Missouri Independent","Hellbender Salamander","Conservationists celebrate milestone in effort to save Missouris endangered hellbenders: Salamanders decline an indicator of environmental stress in Missouri rivers","https://missouriindependent.com/2022/09/05/conservationists-celebrate-milestone-in-effort-to-save-missouris-endangered-hellbenders/","Conservation"
"87","29","Article3","Conservation","Wildlife ecologists;","Australia","Inhabitat","Mainland eastern barred bandicoot","These 8 endangered animals are making a comeback","https://inhabitat.com/these-8-endangered-animals-are-making-a-comeback/","Conservation"
"88","30","Article1","Conflict","Government agencies;Random individuals;","california ","NPR ","Black Bear","Hank the Tank a massive bear has broken into dozens of homes near lake Tahoe.","https://www.npr.org/2022/02/21/1082136147/hank- the-tank-bear-lake-tahoe ","Conflict"
"89","30","Article2","Conflict","Government agencies;Random individuals;","Australia ","NPR","Shark","A Swimmer died in the 1st fatal shark attack at a Sydney beach in nearly 6 decades","https://www.npr.org/2022/02/16/1081158858/swimmer-shark-attack-sydney ","Conflict"
"90","30","Article3","Conflict","Wildlife ecologists;Government agencies;Random individuals;","Texas ","The Guardian ","coyotes ","Dawn of a new creature: after a vicious attack, a city ponders living with  coyotes"," https://www.theguardian.com/us-news/2022/may/23/urban-coyotes-us-suburbs-dallas","Conflict"
"91","31","Article1","Conflict","Government agencies;Citizenry;","Oregon","The Atlantic","sea otters","Oregon Has Mixed Feelings about the Return of Sea Otters","www.theatlantic.com/science/archive/2022/08/oregon-coast-tribes-sea-otters-reintroduction/671199/","Conflict"
"92","31","Article2","illegal transport and captivity of wildlife","Government agencies;","India","BBC News","kangaroos","Why Are Kangaroos Being Spotted in India?","www.bbc.com/news/world-asia-india-61518058","other"
"93","31","Article3","Conservation","Government agencies;Wildlife ecologists;Random individuals;","West Bali, Indonesia","ABC News","dolphins","Rescued Dolphins Swim Free from Indonesia Sanctuary","abcnews.go.com/Travel/wireStory/rescued-dolphins-swim-free-indonesia-sanctuary-89260993","Conservation"
"94","32","Article1","Funny story","Wildlife ecologists;Random individuals;","Ithica NY","Ithica journal","Fox","Hearing nocturnal screams in Tompkins County? It may be this animal","https://www.ithacajournal.com/story/news/local/2022/08/31/tompkins-county-animal-screams-in-the-night-attributed-to-red-foxes/65417650007/","other"
"95","32","Article2","Conflict","Wildlife ecologists;Government agencies;Random individuals;","Cohasset","10 Boston","Coyote","Coyotes Kill Dog, Injure Man in Separate Attacks in Cohasset","https://www.nbcboston.com/news/local/coyotes-kill-dog-injure-man-in-separate-attacks-in-cohasset/2824333/","Conflict"
"96","32","Article3","Intervention","Wildlife ecologists;Government agencies;Random individuals;","Norway","NBC news","Walrus"," Freya the walrus delighted Norway. Her death has divided the country.","https://www.nbcnews.com/news/world/freya-walrus-euthanized-norway-outrage-rcna43073","Intervention"
"97","33","Article1","","Government agencies;Random individuals;","Arizona ","The Atlantic","Black bear (Ursus americanus)","Can Bears and Humans Coexist?","https://www.theatlantic.com/national/archive/2016/05/arizona-black-bear/481728/","other"
"98","33","Article2","Conflict","Government agencies;","New York","Syracuse.com","Coyotes","DEC offers tips to reduce human/coyote conflicts during winter months","https://www.syracuse.com/outdoors/2021/01/dec-offers-tips-to-reduce-humancoyote-conflicts-during-the-winter-months.html","Conflict"
"99","33","Article3","Conflict","Wildlife ecologists;Government agencies;Random individuals;","Japan","The New York Times","Japanese Macaque monkey","A Marauding Monkey Was Killed in Japan. Others Will Take Its Place","https://www.nytimes.com/2022/07/27/world/asia/japan-monkey-attacks.html","Conflict"
"100","34","Article1","Conflict","Non-government organization (NGO);Government agencies;Citizenry;","Long Island "," CBS News ","Sand Bar Sharks ","A rise in reported shark attacks has beachgoers and officials concerned. Here's what to know","https://www.cbsnews.com/news/shark-attacks-2022-united-states-beaches/ ","Conflict"
"101","34","Article2","Harvest","Wildlife ecologists;Government agencies;","Canada","Duluth News Tribune ","Canadian Game Birds ","U.S. government reverses course, wont let Canadian game birds into U.S","https://www.duluthnewstribune.com/sports/northland-outdoors/u-s-government-reverses-course-wont-let-canadian-game-birds-into-u-s#:~:text=In%20a%20reversal%20from%20a%20statement%20made%20last,the%20possible%20spread%20of%20highly%20pathogenic%20avian%20influenza","other"
"102","34","Article3","Conflict","Government agencies;Wildlife ecologists;","Ontario","Toronto Sun ","Hemlock woolly adelgid ","Invasive insect discovered in southern Ontario could pose risk for hemlock trees","Invasive insect in southern Ontario could pose risk for hemlock trees | Toronto Sun","Conflict"
"103","35","Article1","Conflict","Citizenry;Wildlife ecologists;Government agencies;","Southern California ","The Guardian","Sea Lions, Algae","Whats ailing the sea lions stranded on California beaches?","https://www.theguardian.com/us-news/2022/sep/04/sick-sea-lions-california","Conflict"
"104","35","Article2","Intervention","Wildlife ecologists;Government agencies;","Santiago Island, Ecuador","NPR","Galapagos land iguana","An island in the Galpagos reintroduced iguanas after nearly 200 years of extinction","https://www.npr.org/2022/08/08/1116171129/galapagos-land-iguanas-reintroduced-extinction","Intervention"
"105","35","Article3","Intervention","Wildlife ecologists;Government agencies;Citizenry;","Indian River Lagoon, Florida ","Vox","manatee, seagrass","The manatees are starving","https://www.vox.com/down-to-earth/22917307/florida-manatees-algae-seagrass-indian-river-lagoon","Intervention"
"106","36","Article1","Conflict","Government agencies;","Sri Lanka","The Island Online","Asian Elephant ","Human-elephant conflict: Increase in death toll expected","https://island.lk/human-elephant-conflict-increase-in-death-toll-expected/","Conflict"
"107","36","Article2","Conflict","Utah Division of Wildlife Resources;","Utah, United States","Field and Stream","","Utah Bowhunter Survives Mountain Lion Attackand Captures the Ensuing Stand-Off in a Video","https://www.fieldandstream.com/survival/mountain-lion-attacks-archery-hunter-utah/","Conflict"
"108","36","Article3","Conflict","Colorado Department of Parks and Wildlife;","Colorado ","Field and Stream","Black Bear","Colorado Man Fires .40 Cal Glock 9 Times to Kill Black Bear That Broke Into His House at Night","https://www.fieldandstream.com/survival/colorado-man-fires-40-cal-glock-9-times-to-kill-black-bear-that-broke-into-his-house-at-night/","Conflict"
"109","37","Article1","Conflict","Random individuals;Citizenry;Government agencies;","The United Kingdom","The Guardian","Beavers","Farmers in England to be allowed to use 'lethal force' on beavers","https://www.theguardian.com/uk-news/2022/sep/03/farmers-in-england-to-be-allowed-to-use-lethal-force-on-beavers","Conflict"
"110","37","Article2","Accidental Harm","Random individuals;Wildlife ecologists;","Florida, United States","AP News","Florida Panther","Officials: Florida panther struck and killed by vehicle","https://apnews.com/article/florida-wildlife-climate-and-environment-3e7a4ad71da838644983067fd286993b","other"
"111","37","Article3","Conservation","Wildlife ecologists;Government agencies;","Liberia, West Africa","CNN","Pangolins ","This wildlife sanctuary is caring for pangolins, the world's most trafficked mammal","https://www.cnn.com/2022/07/28/africa/pangolin-libassa-wildlife-sanctuary-liberia-c2e-scn-spc-intl/index.html","Conservation"
"112","38","Article1","Conflict","Government agencies;Citizenry;","Eastern Switzerland","SWI Swissinfo.ch","Wolves","Spate of wolf attacks on Swiss livestock prompts backlash","https://www.swissinfo.ch/eng/spate-of-wolf-attacks-on-swiss-livestock-prompts-backlash/47755044","Conflict"
"113","38","Article2","Shark Attack and Research","Wildlife ecologists;Government agencies;Lifeguards ;Citizenry;","Monterey Bay, California","The LA Times","great white shark","Shark that attacked Monterey Bay swimmer was about 15 feet long, wildlife officials say","https://www.latimes.com/california/story/2022-07-18/monterey-bay-shark-attack-about-15-feet-long","other"
"114","38","Article3","Conservation","Wildlife ecologists;Government agencies;Citizenry;","Australia","The Australian","koalas","Federal Governments $50 million pledge to koalas","theaustralian.com.au/breaking-news/federal-governments-50-million-pledge-to-koalas/news-story/33f664c6c3fd037826d07be39abd5e32","Conservation"
"115","39","Article1","Conflict","Wildlife ecologists;Government agencies;Citizenry;","Pennsylvania, Virginia, Maryland, Delaware, New Jersey","CNN","Lanternfly","Spotted lanternflies are on the most wanted list: Get ready to stomp","https://www.cnn.com/2022/08/26/world/destroy-spotted-lanternfly-invasive-species-scn/index.html","Conflict"
"116","39","Article2","Conservation","Government agencies;","Michigan","FOX 2 Detroit","Two species of bumblebees, rattlesnakes, turtles, and a dozen bird species, bats, and several mollusks.","Here is every animal species the DNR is recommending go on the Endangered Species List","https://www.fox2detroit.com/news/box-turtles-bumblebees-and-long-eared-owl-recommended-for-michigan-endangered-species-list ","Conservation"
"117","39","Article3","Conservation","Government agencies;","India","The Guardian ","Cheetah","Wild cheetahs to return to India for first time since 1952","https://www.theguardian.com/world/2022/jul/21/wild-cheetahs-to-return-to-india-for-first-time-since-1952","Conservation"
"118","40","Article1","Conflict","Citizenry;Government agencies;","Iowa, US","KCRG, channel 9 ABC","Emerald ash borer","Iowa cities struggle to remove dying ash trees. ","https://www.kcrg.com/2022/08/28/iowa-cities-struggle-remove-dying-ash-trees/","Conflict"
"119","40","Article2","Conflict","Government agencies;Random individuals;Citizenry;","California, US","CBS News","Coyote","2-year-old girl attacked by coyote in Orange County, California","https://www.cbsnews.com/news/coyote-attack-2-year-old-girl-orange-county-california/","Conflict"
"120","40","Article3","public health","Wildlife ecologists;","Shi Lanka","Mongabay news","Pangolin","Shining a light on Shi Lankas little-studied pangolins: Q&A with Priyan Perera. ","https://news.mongabay.com/2022/04/shining-a-light-on-sri-lankas-little-studied-pangolins-qa-with-priyan-perera/","other"
"121","41","Article1","Invasive pest","Wildlife ecologists;Government agencies;","World","Voice of America","American Bullfrog and Brown tree snake","Invasive Reptiles, Amphibians Cost World $17 Billion","https://www.voanews.com/a/invasive-reptiles-and-amphibians-cost-world-17-billion-/6685600.html","other"
"122","41","Article2","Conservation","Wildlife ecologists;","Coast of Japan","The Japan Times","Green Sea Turtle ","COVID-19 Face Mask Recovered From Sea Turtle Caught Off Japan Coast","https://www.japantimes.co.jp/news/2022/02/09/national/science-health/turtle-face-mask-covid/","Conservation"
"123","41","Article3","Conservation","Wildlife ecologists;","South Australia ","Daily Mail","Bilbies and feral cats","Australian Scientists Turn Cuddly Native Bilbies into Feral Cat Killing Machines with a Simple Implant They Hope Will Slash the Murderous Pest's Numbers","https://www.dailymail.co.uk/news/article-10257899/Australian-scientists-turn-cuddly-native-bilbies-feral-cat-murderers-simple-implant.html","Conservation"
"124","42","Article1","Conservation","Wildlife ecologists;Government agencies;Non-government organization (NGO);","Georgia","NBC","Lake sturgeon","Prehistoric 'living fossil' fish may spawn in Georgia for the first time in 50 years","https://www.nbcnews.com/news/us-news/prehistoric-living-fossil-fish-may-spawn-georgia-first-time-50-years-rcna43453","Conservation"
"125","42","Article2","Conflict","Wildlife ecologists;Government agencies;Citizenry;","Queensland","The Guardian","Saltwater crocodile","Queensland proposal to remove more large crocodiles could raise risk of attacks, experts warn","https://www.theguardian.com/australia-news/2022/sep/04/queensland-proposal-to-remove-more-large-crocodiles-could-raise-risk-of-attacks-experts-warn","Conflict"
"126","42","Article3","Conservation","Wildlife ecologists;Government agencies;","Maine","AP","Ploving Piper","Record numbers of piping plovers recorded on Maine beaches","https://apnews.com/article/maine-wildlife-birds-climate-and-environment-6d3feb00564240646ce27a9ffad74d3a","Conservation"
"127","43","Article1","Conservation","Government agencies;","Illinois","Fox News","various snake species","Illinois Road Shut down for Massive Snake Migration  and Some Are Venomous","https://www.foxnews.com/us/illinois-road-shut-down-massive-snake-migration-venomous","Conservation"
"128","43","Article2","conflict and intervention","Non-government organization (NGO);Random individuals;","Japan","All That's Interesting","macaque monkeys","A Monkey Gang Is Terrorizing The Japanese City Of Yamaguchi  And Residents Are Fighting Back","https://allthatsinteresting.com/yamaguchi-monkey-gang","other"
"129","43","Article3","conflict and intervention","Random individuals;Government agencies;","Florida","USA Today","American alligator","Nearly 8-Foot Alligator Attacks 77-Year-Old Woman in Gated Southwest Florida Community","https://www.usatoday.com/story/news/nation/2022/09/06/florida-alligator-attacks-woman-walking/7999185001/","other"
"130","44","Article1","Harvest","Government agencies;Citizenry;poachers, traditional healers (citizens);","South Africa, Botswana","IOL","cape vulture, white-backed vulture","Cape culture poaching on the rise as raptor's body parts are used for muti.","https://www.iol.co.za/saturday-star/news/cape-vulture-poaching-on-the-rise-as-   raptors-body-parts-are-used-for-muti-efbd66f5-a4f1-4aaf-bc36-3df0d37b8513","other"
"131","44","Article2","Conservation","Government agencies;Non-government organization (NGO);Wildlife ecologists;Citizenry;","Northern Rockies","Wyoming Public Media","grey wolf","Lawsuit filed to force decision on federal protection of Northern Rocky wolves.","https://www.wyomingpublicmedia.org/natural-resources-energy/2022-08-19/lawsuit-filed-to-force-decision-on-federal-protection-of-northern-rocky-wolves.","Conservation"
"132","44","Article3","Conservation","Wildlife ecologists;Government agencies;","Mongolia","The Nation","Przewalski's horse","Number of Endangered Przewalski's Horses In Mongolia Exceeds 1,000.","https://nation.com.pk/2022/08/20/number-of-endangered-przewalskis-horses-in-mongolia-exceeds-1000/","Conservation"
"133","45","Article1","Conservation","Wildlife ecologists;Government agencies;Non-government organization (NGO);","Zimbabwe","npr/iowa public radio","Elephants, impalas, giraffes, buffaloes, wildebeest, zebras, elands, lions, and wild dogs","Climate change is forcing Zimbabwe to move thousands of animals in  the wild","https://www.iowapublicradio.org/news-from-npr/2022-09-01/climate-change-is-forcing-zimbabwe-to-move-thousands-of-animals-in-the-wild","Conservation"
"134","45","Article2","Conservation","Citizenry;Random individuals;","North Carolina","WFAE","birds, insects, and small mammals","Charlotte neighborhood could be the city's first 'community wildlife habitat'","https://www.wfae.org/arts-culture/2022-09-03/charlotte-neighborhood-could-be-the-citys-first-community-wildlife-habitat","Conservation"
"135","45","Article3","Conflict","Random individuals;Government agencies;","https://www.yahoo.com/news/nearly-8-foot-alligator-attacks-135805604.html?guccounter=1&guce_referrer=aHR0cHM6Ly93d3cuZWNvc2lhLm9yZy8&guce_referrer_sig=AQAAAAeFiiNnqRKjeplmGDiV-515kuJjQAzeqq1aB4lrgx5_x7maWZqivcgR6RrbmCBPoBVTxIHY4wu_vz5TYunyh0GBAh-sA9UBPuVodZZeHQ--C-WAQlAmo7mNxvtQ5MMT4Qd_pRVV_BI9a3SjNRu_yeNj11UwFDM6Qf_-RB-4yBx4","Yahoo","alligator","Nearly 8-foot alligator attacks 77-year-old woman in gated southwest Florida community","","Conflict"
"136","46","Article1","Conservation","Citizenry;Government agencies;Wildlife ecologists;","Northern Territory, Australia ","The Guardian ","Gouldian finches","Tanya Plibersek Urged to Save Gouldian Finches from NT Defence Development.","https://www.theguardian.com/environment/2022/sep/05/tanya-plibersek-urged-to-save-gouldian-finches-from-nt-defence-development. ","Conservation"
"137","46","Article2","Conflict","Wildlife ecologists;Non-government organization (NGO);","Appalachian Mountains","The Wildlife Society","many species of salamanders","JWM: Some Appalachian Salamanders Deal with Fire Better than Others.","https://wildlife.org/jwm-some-appalachian-salamanders-deal-with-fire-better-than-others/.","Conflict"
"138","46","Article3","Conflict","Corporations;Wildlife ecologists;","Central California","The Wildlife Society","Birds of Prey","WSB: California Bird Electrocution Hot Spot Causes Fires.","https://wildlife.org/wsb-california-bird-electrocution-hot-spot-causes-fires/. ","Conflict"
"139","47","Article1","Research","Citizenry;Pest Control Company;","Peoples homes in North Carolina","NBC News","Cockroaches (specific species not mentioned)","Want 100 cockroaches in your home? N.C. company will pay you as it tests a new pest control method","https://www.nbcnews.com/news/us-news/nc-company-says-will-pay-release-100-cockroaches-home-test-pest-contro-rcna33251","other"
"140","47","Article2","Intervention","Government agencies;Citizenry;","Based in a home in Ohio, sold across most of United States","The Guardian","Marbled crayfish","Ohio woman pleads guilty to selling invasive crayfish across 36 states","https://www.theguardian.com/environment/2022/may/12/ohio-woman-marbled-crayfish-invasive-species","Intervention"
"141","47","Article3","Intervention","Wildlife ecologists;Government agencies;Citizenry;","Waterways in Ireland","BBC News","Copyus (large rodent species)","The invasive species causing concern across Ireland","https://www.bbc.com/news/uk-northern-ireland-61645726","Intervention"
"142","48","Article1","Conflict","Citizenry;Government agencies;Random individuals;","United States","CNN","Spotted Lanternfly","Spotted Lanternfly: Its OK to Kill This Invasive Insect.","https://www.cnn.com/2022/08/26/world/destroy-spotted-lanternfly-invasive-species-scn/index.html","Conflict"
"143","48","Article2","Intervention","Wildlife ecologists;Government agencies;Citizenry;Random individuals;","New Zealand","The Guardian ","Wallabies "," Eats, Hops and Breeds: New Zealands Worsening Wallaby Plague.","https://www.theguardian.com/environment/2022/sep/02/eats-hops-and-breeds-new-zealands-worsening-wallaby-plague-aoe","Intervention"
"144","48","Article3","Conflict","Wildlife ecologists;Non-government organization (NGO);Random individuals;","Nepal","The Guardian","Bengal tigers","Nepals Tiger Numbers Recover but Attacks on People Cause Alarm.","https://www.theguardian.com/environment/2022/jul/29/nepal-bengal-tiger-numbers-recover-attacks-people","Conflict"
"145","49","Article1","Harvest","Random individuals;","Colorado","New York Times","mule deer, blue-winged teals ","An Environmentalist With a Gun: Inside Steven Rinellas Hunting Empire","https://www.nytimes.com/2022/02/02/magazine/meateater-netflix-steve-rinella.html","other"
"146","49","Article2","Conservation","Government agencies;Wildlife ecologists;","Iowa","Vox","river otters","Otters are thriving in<85> Iowa?","https://www.vox.com/down-to-earth/23180428/river-otters-iowa-restoration","Conservation"
"147","49","Article3","Conservation","Non-government organization (NGO);","Zambia","Le Monde","elephants","A wildlife corridor in Namibia aims to reconcile environmental protection and community life","https://www.lemonde.fr/en/le-monde-africa/article/2022/07/14/a-wildlife-corridor-in-namibia-aims-to-reconcile-environmental-protection-and-community-life_5990082_124.html","Conservation"
"148","50","Article1","Conflict","Non-government organization (NGO);Government agencies;National Farmers Union;","England","The Guardian","Beavers, Humans","Farmers in England to Be Allowed to Use 'Lethal Force' on Beavers","https://www.theguardian.com/uk-news/2022/sep/03/farmers-in-england-to-be-allowed-to-use-lethal-force-on-beavers","Conflict"
"149","50","Article2","Conflict","Government agencies;Citizenry;Animal Rights Activists;","Rome","NPR","Wild Boars, Humans","Packs of Ravenous Wild Boars Are Ransacking Rome","https://www.npr.org/2021/09/28/1041124299/wild-boars-rome-streets-food","Conflict"
"150","50","Article3","Conflict","Citizenry;Yellowstone Park Officials;","Yellowstone National Park","CNY Central","Bison, Humans","Bison Gores Second Yellowstone Tourist in One Week","https://cnycentral.com/news/nation-world/bison-gores-second-yellowstone-national-park-tourist-in-one-week-storm-point-black-sand-basin-cody-wyoming-old-faithful-giant-geyser-wild-animals-what-to-do-if-a-bull-bison-charges-you-elk-bighorn-sheep-deer-moose-nature-wildlife-attack-caught-on-camera","Conflict"
"151","51","Article1","Conflict","Wildlife ecologists;Government agencies;","Botswana ","The Wildlife Society","Hyenas","Climate change an emerging factor in human-wildlife conflict","https://wildlife.org/climate-change-an-emerging-factor-in-human-wildlife-conflict/","Conflict"
"152","51","Article2","Intervention","Wildlife ecologists;Citizenry;Non-government organization (NGO);","Vietnam","Nature","Wild Birds","Major wildlife report struggles to tally humanitys exploitation of species","https://www.nature.com/articles/d41586-022-01917-3","Intervention"
"153","51","Article3","Conflict","Wildlife ecologists;Random individuals;Citizenry;","Washington, D.C.","Science Daily","Wild White-Tailed Deer","Humans have given wild animals their diseases nearly 100 times, researchers find","https://www.sciencedaily.com/releases/2022/03/220323101259.htm","Conflict"
"154","52","Article1","Conservation","Government agencies;Random individuals;Wildlife ecologists;","Michigan, US","the Detroit News","Easter BoX Turtle ","Easter Box Turtle may be added to Michigans endangered, threatened species list","https://www.detroitnews.com/story/news/local/michigan/2022/09/06/eastern-box-turtle-may-added-michigans-endangered-species-list/7999418001/","Conservation"
"155","52","Article2","Intervention","Wildlife ecologists;Government agencies;Random individuals;Citizenry;","Norway","Euronews","Walrus","Freya the walrus: Mischievous boat-sinker euthanized in Norway","https://www.euronews.com/2022/08/14/freya-the-walrus-mischievous-boat-sinker-euthanised-in-norway","Intervention"
"156","52","Article3","Conflict","Citizenry;Non-government organization (NGO);Random individuals;Wildlife ecologists;","India","The Week","Elephants, Sloth-bears, Tigers","Why animal-human conflict is on the rise in India","https://www.theweek.co.uk/news/world-news/south-and-central-asia/957065/why-animal-human-conflict-is-on-the-rise-in-india","Conflict"
"157","53","Article1","Conflict","Government agencies;Citizenry;Random individuals;","Yellowstone National Park, USA","New York Post","Bison","Tourists warned to move away from bison in Yellowstone","https://nypost.com/2022/08/16/tourists-warned-to-move-away-from-bison-in-yellowstone/","Conflict"
"158","53","Article2","Education/Informative","Wildlife ecologists;Citizenry;","North America","Daily Journal","Black and White Warbler","Fall migration for Black and White Warbler has begun","https://www.djournal.com/lifestyle/living/fall-migration-for-black-and-white-warbler-has-begun/article_3f2da986-1d88-530d-8a55-8a792d7f9fb0.html","other"
"159","53","Article3","Conservation","Wildlife ecologists;Citizenry;Non-government organization (NGO);","Iceland","The Reykjavik Grapevine","Puffins","Puffin Saving Season Starts In The Westman Islands","https://grapevine.is/news/2022/08/17/puffin-saving-season-starts-in-the-westman-islands/","Conservation"
"160","54","Article1","Conflict","Citizenry;Non-government organization (NGO);","The location affected is Rome, as well as Lazio, the region surrounding Rome.","NPR","The species involved is wild boar.","Packs Of Ravenous Wild Boars Are Ransacking Rome","https://www.npr.org/2021/09/28/1041124299/wild-boars-rome-streets-food","Conflict"
"161","54","Article2","Conservation","Non-government organization (NGO);Wildlife ecologists;","The location affected is Harare, Zimbabwe.","NPR","There are many wild species involved in this article. The specific species listed are impalas, elephants, giraffes, buffaloes, wildebeest, zebras, lions, elands, and wild dogs.","Climate change is forcing Zimbabwe to move thousands of animals in the wild","https://www.npr.org/2022/09/01/1120459821/climate-change-zimbabwe-animals","Conservation"
"162","54","Article3","Conflict","Government agencies;Citizenry;Wildlife ecologists;","The location is Queensland, Australia.","The Guardian","The species involved is the wild crocodile.","Queensland proposal to remove more large crocodiles could raise risk of attacks, experts warn","https://www.theguardian.com/australia-news/2022/sep/04/queensland-proposal-to-remove-more-large-crocodiles-could-raise-risk-of-attacks-experts-warn","Conflict"
"163","55","Article1","Conservation","conservation managers;","Ballard Locks, Seattle, Washington","The Atlantic","Seals, Sea Lions, other marine life (fish)","Conservationists are Scaring Seals to Save Fish","https://www.theatlantic.com/science/archive/2022/09/seal-sea-lion-eat-fish-acoustic-device/671336/","Conservation"
"164","55","Article2","Intervention","Citizenry;Random individuals;conservation officials;","river in Central Sulawesi","NPR, The Associated Press","wild saltwater crocodile","A motorcycle tire stuck around a crocodile's neck for 6 years is finally removed","https://www.npr.org/2022/02/09/1079514137/crocodile-freed-tire-indonesia","Intervention"
"165","55","Article3","Conservation","Non-government organization (NGO);Random individuals;","Mekong River","The New York Times","Urogymnus polylepis","Watch a Giant Stingrays Safe Return to Its River Home","https://www.nytimes.com/2022/05/18/science/giant-freshwater-stingray.html?searchResultPosition=5","Conservation"
"166","56","Article1","Conflict","Citizenry;Random individuals;","Cape Cod","The Atlantic","Sharks","Cape Cods Waters Are Getting Very, Very Sharky","https://www.theatlantic.com/science/archive/2021/07/new-way-prevent-great-white-shark-attacks/619405/html","Conflict"
"167","56","Article2","Intervention","Government agencies;","California(southern)","The Atlantic","Sanderlings(bird)","Animals in the News","https://www.theatlantic.com/photo/2021/10/photos-animals-news.html. ","Intervention"
"168","56","Article3","Intervention","Government agencies;","india","The Indian Express","Tigers","Maharashtra govt, forest officials set to implement plan to accommodate more tigers in TATRs protected area","https://indianexpress.com/article/india/maharashtra-govt-forest-officials-set-to-implement-plan-to-accommodate-more-tigers-in-tatrs-protected-area-.html.","Intervention"
"169","57","Article1","Conflict","Government agencies;Wildlife ecologists;","Oregon ","Newport News Times","Black Bear","Bears come to coast in search of food"," https://www.newportnewstimes.com/news/bears-come-to-coast-in-search-of-food/article_56235c20-f733-11ec-9892-cf70d87544ba.html","Conflict"
"170","57","Article2","Conflict","Wildlife ecologists;Government agencies;","Illinois ","NBC","Snake sp.","Why did the snake cross the road? Because humans haven't built wildlife crossings","https://www.nbcnews.com/think/opinion/illinois-road-closed-snake-migration-shows-need-wildlife-crossings-rcna46483","Conflict"
"171","57","Article3","Conflict","Non-government organization (NGO);Citizenry;","Florida ","ABC action news ","Eastern Gray Squirrel ","Wildlife rehabilitators are caring for orphaned baby squirrels","https://www.abcactionnews.com/news/region-hillsborough/wildlife-rehabbers-are-caring-for-orphaned-baby-squirrels","Conflict"
"172","58","Article1","Intervention","Government agencies;Citizenry;","illinois","NBC","approx 24 snake species","Dramatic Illinois snake parade highlights this problem","https://www.msn.com/en-us/news/us/dramatic-illinois-snake-parade-highlights-this-problem/ar-AA11wQXu","Intervention"
"173","58","Article2","Conservation","Government agencies;Citizenry;","Canvey Island, Essex","BBC","Fish, aquatic wildlife, algae","Canvey Island Residents Warned to Keep Away from Toxic Lake","https://www.bbc.com/news/uk-england-essex-62649835","Conservation"
"174","58","Article3","Conflict","Wildlife ecologists;Citizenry;Government agencies;","Bay Area California","NBC Bay Area","Raccoons, Rats etc.","Wildlife Group Warns of Critters Coming out of Hiding Spots during Heat Wave","https://www.nbcbayarea.com/news/local/critters-coming-out-hiding-spots-heat-wave/2994912/","Conflict"
"175","59","Article1","Intervention","Wildlife ecologists;University ;","Texas, Australia","The Guardian","Thylacine (Tasmanian tiger)","De-extinction: scientists are planning the multimillion-dollar resurrection of the Tasmanian tiger","https://www.theguardian.com/australia-news/2022/aug/16/de-extinction-scientists-are-planning-the-multimillion-dollar-resurrection-of-the-tasmanian-tiger","Intervention"
"176","59","Article2","Intervention","Wildlife ecologists;Citizenry;Government agencies;","Georgia","ABC New York","Georgia lake sturgeon","Prehistoric Living Fossils' Fish May Spawn in Georgia: 1st Time in 50 Years","https://www.nbcnewyork.com/news/national-international/prehistoric-living-fossils-fish-may-spawn-in-georgia-1st-time-in-50-years/3827548/","Intervention"
"177","59","Article3","Conflict","Government agencies;Non-government organization (NGO);","Colorado Springs, Colorado","USA Today","Rattlesnake","A 6-year-old Colorado boy died after a rattlesnake bite: What to know if you're bitten","https://www.usatoday.com/story/news/nation/2022/07/17/colorado-boy-dies-rattlesnake-bite/10074428002/","Conflict"
"178","60","Article1","Intervention","Non-government organization (NGO);Wildlife ecologists;","Eastern United States","Oxford Academic","Spotted Lanternfly (Lycorma delicatula)","Exploratory Survey of Spotted Lanternfly and Its Natural Enemies in China","https://academic.oup.com/ee/article/50/1/36/6029751","Intervention"
"179","60","Article2","Conflict","Non-government organization (NGO);","Guam","University of California","Giant African Snail (Achatina fulica)","Studies on control of the giant African snail on Guam","https://hilgardia.ucanr.edu/Abstract/?a=hilg.v26n16p643","Conflict"
"180","60","Article3","Conflict","Wildlife ecologists;Citizenry;","Southern United States","The Guardian","Corn Earworm (Helicoverpa zea)","US farmers face plague of pests as global heating raises soil temperatures","https://www.theguardian.com/environment/2022/sep/06/us-farmers-face-plague-of-pests-as-global-heating-raises-soil-temperatures","Conflict"
"181","61","Article1","Conflict","Citizenry;Random individuals;Wildlife ecologists;","Staten Island, New York","New York Post","Skunk","What Stinks on Staten Island? The Answer May Surprise You","https://nypost.com/2022/07/23/what-stinks-on-staten-island-the-answer-may-surprise-you/.","Conflict"
"182","61","Article2","Harvest","Wildlife ecologists;Citizenry;Random individuals;Non-government organization (NGO);Government agencies;","Cape Cod, Massachusetts","Boston Globe","Horseshoe Crab","They're bleeding horseshoe crabs on the Cape Cod and some advocates are worried","https://www.bostonglobe.com/2022/07/17/science/adding-threats-facing-horseshoe-crabs-controversial-pharmaceutical-company-just-started-harvesting-their-blue-blood-cape-cod/.","other"
"183","61","Article3","Intervention","Citizenry;Random individuals;Government agencies;Wildlife ecologists;Non-government organization (NGO);","Saint Ignace, Michigan","mlive","Bear","Black bear numbers are at historic levels in Michigan-just as the state planned","https://www.mlive.com/public-interest/2022/09/black-bear-numbers-are-at-historic-levels-in-michigan-just-as-the-state-planned.html.","Intervention"
"184","62","Article1","Conflict","Government agencies;Citizenry;","England","the guardian","Beaver","Farmers in England to Be Allowed to Use Lethal Force on Beavers. ","https://www.theguardian.com/uk-news/2022/sep/03/farmers-in-england-to-be-allowed-to-use-lethal-force-on-beavers.","Conflict"
"185","62","Article2","Conflict","Wildlife ecologists;","Florida","CNN","American Alligator","Florida Man Loses Hand after Alligator Bite. ","https://www.cnn.com/2022/08/31/us/florida-alligator-bite-amputation-scn-trnd/index.html.","Conflict"
"186","62","Article3","Harvest","Government agencies;Citizenry;","","CNN","Florida Everglades","Hunters Are Swarming the Florida Everglades for the Python Challenge. The State Says Its Vital to Save the Ecosystem.","https://www.cnn.com/2022/08/06/us/florida-python-challenge-everglades/index.html","other"
"187","63","Article1","Conflict","Wildlife ecologists;Random individuals;","San Francisco Bay","Fox News","Humpback whales","Humpback whale washed ashore probably killed by ship collision","www.foxnews.com/us/humpback-whale-washed-ashore-probably-killed-ship-collision","Conflict"
"188","63","Article2","Conflict","Government agencies;","West and Central US","NBC News","Bald Eagles and Golden Eagles","Wind energy company pleads guilty after at least 150 eagles killed in US","www.nbcnews.com/news/us-news/wind-energy-company-pleads-guilty-least-150-eagles-killed-us-rcna23360","Conflict"
"189","63","Article3","Conflict","Government agencies;Farmers;","Switzerland","BBC News","Wolves","Switzerlands wolves get too close for comfort","www.bbc.com/news/world-europe-59738541","Conflict"
"190","64","Article1","Conflict","Sanctuary workers;","Georgia","NBC","wild black vultures","Bird Flu kills hundreds of black vultures at Georgia Sanctuary, officials say","https://www.nbcnews.com/news/us-news/bird-flu-kills-700-black-vultures-georgia-sanctuary-officials-say-rcna44551 ","Conflict"
"191","64","Article2","Conflict","Government agencies;Wildlife ecologists;","France","NBC","","Rescuers face race against time to rescue beluga whale in France's River Seine","https://www.nbcnews.com/news/world/rescuers-face-race-time-rescue-beluga-whale-frances-river-seine-rcna41698","Conflict"
"192","64","Article3","Conflict","Wildlife ecologists;Government agencies;","Florida","NBC","iguanas","Florida is so cold iguanas are falling out of trees","https://www.nbcnews.com/news/us-news/florida-cold-iguanas-are-falling-trees-rcna14167    ","Conflict"
